,dens,velx,vely,pres,eTime,order
120,0.0613854269724472,0.13495517581553026,0.1350483311281139,0.07452793345169077,1.4724491279921494,
200,0.007914426573390584,0.017764457125321962,0.017780186501418438,0.008525498780130081,5.32584278320428,4.0101457783831815
400,0.0003848194604907076,0.0007388978298816859,0.0007402055005978733,0.0003174583153564681,35.88758492958732,4.362231162286962
800,1.4565066179729887e-05,2.5995621114863065e-05,2.584008679666671e-05,1.0730063892304757e-05,270.93883813681896,4.723597596857832
1600,5.208845355304457e-07,8.867149475738809e-07,8.822838539220307e-07,3.668025523373507e-07,2091.2028272815805,4.805404840735624
3200,2.15320204755877e-08,3.032773480624962e-08,3.0247587782109623e-08,1.281318741229486e-08,16377.731572861609,4.596407998254286
