,dens,velx,vely,pres,eTime,order
120,0.06313075196615518,0.1377232404268396,0.13757788262036136,0.07586562893680074,1.5016615127969999,
200,0.008197625248830004,0.018282544733716353,0.018206119959492967,0.00877320763137641,6.174227043200517,3.9962041843650518
400,0.0004020091214626916,0.0007816024524173561,0.000775681457909684,0.00033837233099221007,45.43516071920749,4.349905898058814
800,1.5687607894589593e-05,3.055697714206887e-05,2.9940211432646484e-05,1.3318550356052064e-05,372.47392441440024,4.679530949452766
1600,7.176388075417259e-07,1.5046834786709102e-06,1.4467847370513383e-06,7.595071031024378e-07,2957.2555384543957,4.4502236627293135
3200,5.723825115716651e-08,1.1587145760818642e-07,1.0877822247096433e-07,6.834327822308413e-08,23274.374672933627,3.648206410443427
