,dens,velx,vely,pres,eTime,order
120,0.02739952200015356,0.07895522961583383,0.07888622107089253,0.038480522480966596,1.4614026360213757,
200,0.0028657692644286116,0.008695633531214523,0.008670858936410421,0.004058754493906998,5.904221087694168,4.419685788387069
400,0.00011149694349882154,0.0003384543507743847,0.0003375298784647794,0.00014714740044753443,43.074010625481606,4.683846389869314
800,4.592823002568699e-06,1.1648401565314898e-05,1.1638911740929783e-05,5.1170820814921975e-06,354.21283681318164,4.601479165110144
1600,1.9596040878758911e-07,3.992262350459298e-07,3.9883259607605924e-07,1.822258506974182e-07,2832.9330505859107,4.5507470748787675
3200,9.429825621270172e-09,1.3770046192020452e-08,1.3793838750774792e-08,6.6455227204650055e-09,22292.434429310262,4.377187303613475
