,dens,velx,vely,pres,eTime,order
120,0.027777087574567837,0.07976537363619451,0.07955393539215871,0.03899381188629548,1.116386430338025,
200,0.0029428610078498707,0.008927785044980074,0.008860898679409233,0.00418198053818363,4.4950818326324224,4.394511841958271
400,0.0001223334181798999,0.0003708981134952819,0.0003657902102191556,0.00016495447539947796,32.60869561880827,4.58832893692858
800,6.306822560756057e-06,1.6329788652963318e-05,1.590557960452134e-05,7.967639737405769e-06,270.76883419044316,4.277761408440711
1600,4.879678513869738e-07,1.062940637744682e-06,1.010645420835869e-06,6.071682913418985e-07,2160.080069432035,3.692055336823498
3200,5.200191985322949e-08,1.0385977282610758e-07,9.532720872529562e-08,6.411672071415017e-08,16945.333145955577,3.2301493103018655
