,dens,velx,vely,pres,eTime,order
120,0.03385822587337338,0.12050185639728564,0.10595689479667234,0.046158371256202785,0.7834340680055902,
200,0.009760366720548736,0.03329998846153689,0.028939792656856898,0.01209119699104268,3.01346051839937,2.4349835794716217
400,0.0023672317951669124,0.007926080139062241,0.006873151296994881,0.002872185359226521,22.319121674401686,2.043734375197281
800,0.0005926893167494729,0.0019753023021062293,0.0017114214354124644,0.0007171261235443784,182.47223069120082,1.9978530209338632
1600,0.0001482868880852025,0.0004934564722752451,0.00042758498707169955,0.00017931473187393813,1450.2514637880013,1.9988850165392587
3200,3.708088886259474e-05,0.00012331616092294578,0.00010687128929205358,4.4833527534641115e-05,11425.012621096801,1.9996433043587982
